algorithm,reward_config,n_seeds,final_reward_mean,final_reward_std,success_rate_mean,timesteps_to_200_mean,timesteps_to_200_std,auc_mean,auc_std
ppo,combined,3,110.8693536,78.3139906981701,0.4333333333333333,,,-3467778.600333333,1712038.19621965
sac,combined,3,31.218444533333336,70.00750326586635,0.2333333333333333,,,-1434243.8018333334,2125531.6926769484
td3,combined,3,-36.6842742,55.60674138489211,0.0333333333333333,,,-3900286.798833333,2759705.441947542
ddpg,distance,3,-127.79392786666666,69.57249064350131,0.0,,,-4454757.457333333,1701234.7757736302
a2c,combined,3,-214.05396883333333,64.57788098703578,0.0,,,-14941630.162166664,3045638.190740853
